Duration,mean of Pulse,std of Pulse
10,107.9,6.226288353960703
20,103.9,6.711341539748808
30,104.0,7.768193328323317
40,103.075,7.730683122367747
